{
    "schema_version": "2.1.0",
    "uuid": "2e29c9ad-2e38-4868-b55d-531b22ba51ce",
    "devices": [
        {
            "board_id": 14,
            "fw_id": 34,
            "protocol_id": 2,
            "sn": "003F004B4841500520363230",
            "pnpl_responses": true,
            "components": [
                {
                    "iis2dlpc_acc": {
                        "odr": 7,
                        "fs": 3,
                        "enable": true,
                        "samples_per_ts": 1000,
                        "dim": 3,
                        "ioffset": 0.60612595081329346,
                        "measodr": 1599.0865478515625,
                        "usb_dps": 0,
                        "sd_dps": 3584,
                        "sensitivity": 0.00048799999058246622,
                        "data_type": "int16",
                        "sensor_annotation": "",
                        "sensor_category": 0,
                        "c_type": 0,
                        "stream_id": 5,
                        "ep_id": 4
                    }
                },
                {
                    "iis2iclx_acc": {
                        "odr": 6,
                        "fs": 3,
                        "enable": true,
                        "samples_per_ts": 800,
                        "dim": 2,
                        "ioffset": 0.74654245376586914,
                        "measodr": 838.751708984375,
                        "usb_dps": 0,
                        "sd_dps": 1536,
                        "sensitivity": 9.1499998234212399e-05,
                        "data_type": "int16",
                        "sensor_annotation": "",
                        "sensor_category": 0,
                        "c_type": 0,
                        "stream_id": 6,
                        "ep_id": 4
                    }
                },
                {
                    "iis2mdc_mag": {
                        "odr": 3,
                        "fs": 0,
                        "enable": true,
                        "samples_per_ts": 100,
                        "dim": 3,
                        "ioffset": 0.60903841257095337,
                        "measodr": 100.32851409912108,
                        "usb_dps": 0,
                        "sd_dps": 512,
                        "sensitivity": 0.001500000013038516,
                        "data_type": "int16",
                        "sensor_annotation": "",
                        "sensor_category": 0,
                        "c_type": 0,
                        "stream_id": 9,
                        "ep_id": 4
                    }
                },
                {
                    "ilps22qs_press": {
                        "odr": 7,
                        "fs": 1,
                        "enable": true,
                        "samples_per_ts": 200,
                        "dim": 1,
                        "ioffset": 1.0813357830047607,
                        "measodr": 190.47618103027344,
                        "usb_dps": 0,
                        "sd_dps": 512,
                        "sensitivity": 1,
                        "data_type": "float",
                        "sensor_annotation": "",
                        "sensor_category": 0,
                        "c_type": 0,
                        "stream_id": 7,
                        "ep_id": 4
                    }
                },
                {
                    "imp23absu_mic": {
                        "odr": 4,
                        "aop": 130,
                        "volume": 100,
                        "enable": true,
                        "samples_per_ts": 1000,
                        "dim": 1,
                        "ioffset": 0.59426987171173096,
                        "usb_dps": 0,
                        "sd_dps": 126976,
                        "sensitivity": 3.0517578125e-05,
                        "resolution": 0,
                        "data_type": "int16",
                        "sensor_annotation": "",
                        "sensor_category": 1,
                        "c_type": 0,
                        "stream_id": 0,
                        "ep_id": 0
                    }
                },
                {
                    "imp34dt05_mic": {
                        "odr": 2,
                        "aop": 122.5,
                        "volume": 100,
                        "enable": true,
                        "samples_per_ts": 1000,
                        "dim": 1,
                        "ioffset": 0.59956669807434082,
                        "usb_dps": 0,
                        "sd_dps": 31744,
                        "sensitivity": 3.0517578125e-05,
                        "resolution": 0,
                        "data_type": "int16",
                        "sensor_annotation": "",
                        "sensor_category": 1,
                        "c_type": 0,
                        "stream_id": 2,
                        "ep_id": 2
                    }
                },
                {
                    "stts22h_temp": {
                        "odr": 4,
                        "fs": 0,
                        "enable": true,
                        "samples_per_ts": 200,
                        "dim": 1,
                        "ioffset": 0.60433542728424072,
                        "measodr": 200.00700378417969,
                        "usb_dps": 0,
                        "sd_dps": 512,
                        "sensitivity": 1,
                        "data_type": "float",
                        "sensor_annotation": "",
                        "sensor_category": 0,
                        "c_type": 0,
                        "stream_id": 8,
                        "ep_id": 4
                    }
                },
                {
                    "iis3dwb_acc": {
                        "odr": 0,
                        "fs": 3,
                        "enable": true,
                        "samples_per_ts": 1000,
                        "dim": 3,
                        "ioffset": 0.6108778715133667,
                        "measodr": 26743.5546875,
                        "usb_dps": 0,
                        "sd_dps": 53248,
                        "sensitivity": 0.00048799999058246622,
                        "data_type": "int16",
                        "sensor_annotation": "",
                        "sensor_category": 0,
                        "c_type": 0,
                        "stream_id": 1,
                        "ep_id": 1
                    }
                },
                {
                    "ism330dhcx_acc": {
                        "odr": 9,
                        "fs": 3,
                        "enable": true,
                        "samples_per_ts": 1000,
                        "dim": 3,
                        "ioffset": 0.61124318838119507,
                        "measodr": 6990.86572265625,
                        "usb_dps": 0,
                        "sd_dps": 13312,
                        "sensitivity": 0.00048799999058246622,
                        "data_type": "int16",
                        "sensor_annotation": "",
                        "sensor_category": 0,
                        "c_type": 0,
                        "stream_id": 4,
                        "ep_id": 4
                    }
                },
                {
                    "ism330dhcx_gyro": {
                        "odr": 9,
                        "fs": 5,
                        "enable": true,
                        "samples_per_ts": 1000,
                        "dim": 3,
                        "ioffset": 0.61124318838119507,
                        "measodr": 6990.86572265625,
                        "usb_dps": 0,
                        "sd_dps": 13312,
                        "sensitivity": 140,
                        "data_type": "int16",
                        "sensor_annotation": "",