{
    "schema_version": "2.1.0",
    "uuid": "22f463b5-2d3a-4be3-851f-f0161248ffe6",
    "devices": [
        {
            "board_id": 14,
            "fw_id": 36,
            "protocol_id": 2,
            "sn": "003F004B4841500520363230",
            "pnpl_responses": true,
            "components": [
                {
                    "iis2dlpc_acc": {
                        "odr": 7,
                        "fs": 3,
                        "enable": false,
                        "samples_per_ts": 1000,
                        "dim": 3,
                        "ioffset": 0.1644091010093689,
                        "measodr": 1599.418212890625,
                        "usb_dps": 480,
                        "sd_dps": 3584,
                        "sensitivity": 0.00048799999058246623,
                        "data_type": "int16",
                        "sensor_annotation": "",
                        "sensor_category": 0,
                        "c_type": 0,
                        "stream_id": -1,
                        "ep_id": -1
                    }
                },
                {
                    "iis2iclx_acc": {
                        "odr": 6,
                        "fs": 3,
                        "enable": false,
                        "samples_per_ts": 800,
                        "dim": 2,
                        "ioffset": 0.1760404109954834,
                        "measodr": 838.8223876953125,
                        "usb_dps": 166,
                        "sd_dps": 1536,
                        "sensitivity": 9.14999982342124e-05,
                        "data_type": "int16",
                        "sensor_annotation": "",
                        "sensor_category": 0,
                        "c_type": 0,
                        "stream_id": -1,
                        "ep_id": -1
                    }
                },
                {
                    "iis2mdc_mag": {
                        "odr": 3,
                        "fs": 0,
                        "enable": false,
                        "samples_per_ts": 100,
                        "dim": 3,
                        "ioffset": 0.16732633113861084,
                        "measodr": 100.47133636474608,
                        "usb_dps": 30,
                        "sd_dps": 512,
                        "sensitivity": 0.001500000013038516,
                        "data_type": "int16",
                        "sensor_annotation": "",
                        "sensor_category": 0,
                        "c_type": 0,
                        "stream_id": -1,
                        "ep_id": -1
                    }
                },
                {
                    "ilps22qs_press": {
                        "odr": 7,
                        "fs": 1,
                        "enable": false,
                        "samples_per_ts": 200,
                        "dim": 1,
                        "ioffset": 0.181471049785614,
                        "measodr": 138.90444946289065,
                        "usb_dps": 40,
                        "sd_dps": 512,
                        "sensitivity": 1,
                        "data_type": "float",
                        "sensor_annotation": "",
                        "sensor_category": 0,
                        "c_type": 0,
                        "stream_id": -1,
                        "ep_id": -1
                    }
                },
                {
                    "imp23absu_mic": {
                        "odr": 4,
                        "aop": 130,
                        "volume": 100,
                        "enable": true,
                        "samples_per_ts": 1000,
                        "dim": 1,
                        "ioffset": 0.1525295078754425,
                        "usb_dps": 7000,
                        "sd_dps": 126976,
                        "sensitivity": 3.0517578125e-05,
                        "resolution": 0,
                        "data_type": "int16",
                        "sensor_annotation": "",
                        "sensor_category": 1,
                        "c_type": 0,
                        "stream_id": 0,
                        "ep_id": 0
                    }
                },
                {
                    "imp34dt05_mic": {
                        "odr": 2,
                        "aop": 122.5,
                        "volume": 100,
                        "enable": true,
                        "samples_per_ts": 1000,
                        "dim": 1,
                        "ioffset": 0.3008266091346741,
                        "usb_dps": 4800,
                        "sd_dps": 31744,
                        "sensitivity": 3.0517578125e-05,
                        "resolution": 0,
                        "data_type": "int16",
                        "sensor_annotation": "",
                        "sensor_category": 1,
                        "c_type": 0,
                        "stream_id": 1,
                        "ep_id": 1
                    }
                },
                {
                    "stts22h_temp": {
                        "odr": 4,
                        "fs": 0,
                        "enable": false,
                        "samples_per_ts": 200,
                        "dim": 1,
                        "ioffset": 0.16247102618217468,
                        "measodr": 200.0007476806641,
                        "usb_dps": 40,
                        "sd_dps": 512,
                        "sensitivity": 1,
                        "data_type": "float",
                        "sensor_annotation": "",
                        "sensor_category": 0,
                        "c_type": 0,
                        "stream_id": -1,
                        "ep_id": -1
                    }
                },
                {
                    "iis3dwb_acc": {
                        "odr": 0,
                        "fs": 3,
                        "enable": false,
                        "samples_per_ts": 1000,
                        "dim": 3,
                        "ioffset": 0.1690092235803604,
                        "measodr": 26740.8125,
                        "usb_dps": 7000,
                        "sd_dps": 53248,
                        "sensitivity": 0.00048799999058246623,
                        "data_type": "int16",
                        "sensor_annotation": "",
                        "sensor_category": 0,
                        "c_type": 0,
                        "stream_id": -1,
                        "ep_id": -1
                    }
                },
                {
                    "ism330dhcx_acc": {
                        "odr": 9,
                        "fs": 3,
                        "enable": false,
                        "samples_per_ts": 1000,
                        "dim": 3,
                        "ioffset": 0.16949355602264404,
                        "measodr": 6991.11376953125,
                        "usb_dps": 2000,
                        "sd_dps": 13312,
                        "sensitivity": 0.00048799999058246623,
                        "data_type": "int16",
                        "sensor_annotation": "",
                        "sensor_category": 0,
                        "c_type": 0,
                        "stream_id": -1,
                        "ep_id": -1
                    }
                },
                {
                    "ism330dhcx_gyro": {
                        "odr": 9,
                        "fs": 5,
                        "enable": false,
                        "samples_per_ts": 1000,
                        "dim": 3,
                        "ioffset": 0.16949355602264404,
                        "measodr": 6991.11376953125,
                        "usb_dps": 2000,
                        "sd_dps": 13312,
                        "sensitivity": 140,
                        "data_type": "int16",